Present,Cost,Buyer,Giver
Gateaux forks,13.45,Abi,Abi_Laith_Rachel_Ryan_David_Chris_Connie
Tablet,109.99,Abi,Ed
War Doctor book,11.79,Abi,Abi_Laith_Rachel_Ryan_David_Chris_Connie
St Kitts herbery shower gel,12.95,Abi,Abi_Laith_Rachel_Ryan_David_Chris_Connie
Gin glass x2,3.2,Abi,Abi_Laith_Rachel_Ryan_David_Chris_Connie
Bracelet,5,Ruth,Abi_Laith_Rachel_Ryan_David_Chris_Connie
Gingerbread,1.5,Ruth,Abi_Laith_Rachel_Ryan_David_Chris_Connie
Divine chocolate,1,Ruth,Abi_Laith_Rachel_Ryan_David_Chris_Connie
Mustard and black socks,2.5,Rachel,Abi_Laith_Rachel_Ryan_David_Chris_Connie
Wadebridge print shop voucher,20,Rachel,Abi_Laith_Rachel_Ryan_David_Chris_Connie
Fudge x2,5,Ruth,Rachel_Ryan